ln(INCOME)	Percent	Cumulative Percent
Up To 0	0.00287	0.00287
0 To 9.2104403669765205	0.15009	0.15296
9.2104403669765205 To 10.819778284410299	0.69192	0.84488
10.819778284410299 To 11.512935464920201	0.13609	0.98097
11.512935464920201 To 12.2060776455177	0.01544	0.99641
More	0.00359	1.